id,등록일,품목,설명,규격,가격,수량,판매자표시명,대리게시,수령장소,수령일,수령시각,마감일시,주문링크,원글링크,노출,상태
20260830-01,2026-08-30,붉은 아오리 낙과,"올해 태풍에 떨어진 아오리입니다.
겉은 좀 긁혔어도 맛은 그대로예요.
잼이나 즙 내리기 좋습니다.",4.25kg 상자,15000,40,춘양 김만식,N,농민회 사무실,2026-09-05,17:30,2026-09-03 18:00,https://docs.google.com/forms/d/e/sample/viewform,https://band.us/band/sample/post/1,Y,판매중
20260830-02,2026-08-30,햇고구마 (밤고구마),"물야에서 캔 밤고구마입니다.
크기는 중자 위주로 담습니다.",5kg 상자,22000,25,물야 이순덕,N,물야면사무소 앞,2026-09-06,10:00,2026-09-04 12:00,https://docs.google.com/forms/d/e/sample/viewform,,Y,판매중
20260830-03,2026-08-30,애호박,"아침에 딴 애호박입니다. 10개들이.",10개,12000,15,봉화읍 박정례,Y,농민회 사무실,2026-09-05,17:30,2026-09-02 09:00,https://docs.google.com/forms/d/e/sample/viewform,https://band.us/band/sample/post/3,Y,판매중
20260830-04,2026-08-30,홍로 사과,"추석 앞두고 나오는 홍로입니다.
아직 수확 전이라 예약만 받습니다.",5kg 상자,35000,30,법전 정영수,N,법전면사무소,2026-09-12,16:00,2026-09-09 18:00,https://docs.google.com/forms/d/e/sample/viewform,,Y,수확예정
20260823-01,2026-08-23,찰옥수수,"지난주 판매분입니다.",20개,18000,20,소천 최복동,N,농민회 사무실,2026-08-29,17:30,2026-08-27 18:00,https://docs.google.com/forms/d/e/sample/viewform,,Y,마감
20260823-02,2026-08-23,대추 (생대추),"올해 첫 대추입니다.",2kg,20000,10,명호 김영자,N,명호면사무소,2026-08-28,15:00,2026-08-26 12:00,https://docs.google.com/forms/d/e/sample/viewform,,Y,종료
20260830-99,2026-08-30,테스트 비노출,"이 줄은 노출=N 이라 목록에 뜨면 안 됩니다.",1kg,1000,1,테스트,N,없음,2026-09-30,10:00,2026-09-29 10:00,https://example.com,,N,판매중
20260830-05,2026-08-30,깻잎,"직접 기른 깻잎입니다. 궁금하면 010-1234-5678 로 연락 주세요. 농협 351-0000-1234",1kg,9000,10,상운 조말순,N,농민회 사무실,2026-09-05,17:30,2026-09-03 18:00,https://docs.google.com/forms/d/e/sample/viewform,,Y,판매중
